,Msg_id,Chat_msg,Author_id,Time_stamp
0,924438689621356544,excited about this MINT,558037705733308427,2021-12-25T23:09:18.846000+00:00
1,924432077078818837,i fear you will have to wait till the public mint,304371807119605761,2021-12-25T22:43:02.293000+00:00
2,924432016412405830,unfortunately the whitelist has been closed,304371807119605761,2021-12-25T22:42:47.829000+00:00
3,924431880911192104,mint starts tomorrow! Check https://nft.lifinity.io/ for a countdown,304371807119605761,2021-12-25T22:42:15.523000+00:00
4,924429427696357417,üëÄ,827105903106850856,2021-12-25T22:32:30.631000+00:00
5,924419375212163072,mint date?,456226577798135808,2021-12-25T21:52:33.932000+00:00
6,924411873036750849,+1,821991495740948530,2021-12-25T21:22:45.274000+00:00
7,924397291580833933,How do you get on the whitelist? is it to late?,879055852705833001,2021-12-25T20:24:48.784000+00:00
8,924396922393997394,Merry Christmas everyone!,879055852705833001,2021-12-25T20:23:20.763000+00:00
9,924380578789330975,anyone else hyped for mint day?,309702526092050432,2021-12-25T19:18:24.144000+00:00
10,924336706667290755,thank you!,707060646193397833,2021-12-25T16:24:04.215000+00:00
11,924333669659848704,"I was able to access it from my smart phone.
It may be a problem with my network...",803919808785154058,2021-12-25T16:12:00.136000+00:00
12,924333448406122506,Thank you very much.,803919808785154058,2021-12-25T16:11:07.385000+00:00
13,924332980422475856,"Hmm we'll check, thanks!",390366996623130625,2021-12-25T16:09:15.809000+00:00
14,924329454271082536,<@!390366996623130625> I did a hard refresh (CTRL+F5) but it did not show up.,803919808785154058,2021-12-25T15:55:15.109000+00:00
15,924328680942104576,Can you try a hard refresh?,390366996623130625,2021-12-25T15:52:10.733000+00:00
16,924327679438757889,<@!324695454304567297> <@!733202805388607548> <@!390366996623130625> <@!401225890039595009>  It seems that the SSL certificate for the site has expired.,803919808785154058,2021-12-25T15:48:11.956000+00:00
17,924324374448836621,one piece? wheres the treasure? where's Roger?,218740684612567040,2021-12-25T15:35:03.985000+00:00
18,924317265153917079,"We haven't published the exact formula we use for it, but at it's most simple level, taking SOL-USDC as an example, if there's less SOL in the pool than there is USDC, we make it more expensive to buy SOL and cheaper to buy USDC.",324695454304567297,2021-12-25T15:06:48.997000+00:00
19,924316125435666442,"We have been on video calls with well-established protocols on Solana, so we are not total anons. But we also aren't doxed. We have also consulted with well-known firm in crypto for legal matters, but there is no proof of it.",324695454304567297,2021-12-25T15:02:17.267000+00:00
20,924316046486306866,"<@!324695454304567297>
Can you give some insights on how the rebalancing would work?
Would love to read upon the dynamics of execution",726055386142212216,2021-12-25T15:01:58.444000+00:00
21,924315004340158514,"Yes, we'll take precautions",324695454304567297,2021-12-25T14:57:49.977000+00:00
22,924313970347749426,<@324695454304567297>  lock the chat 2 hours before mint?,393496265796747264,2021-12-25T14:53:43.454000+00:00
23,924311550284689408,"Any dox of the team, or proof of legal consultation before going ahead with this idea?",409883794586337290,2021-12-25T14:44:06.466000+00:00
24,924310554456260608,<#895591068899348480>,324695454304567297,2021-12-25T14:40:09.042000+00:00
25,924303873630433320,when mint?,815200375271325726,2021-12-25T14:13:36.209000+00:00
26,924270477390802977,My girlfriend just got me ‚Äúthe console ‚Äú for Christmas guyss!!!!!üò©,827702123080581150,2021-12-25T12:00:53.925000+00:00
27,924262303459856434,Hello,923993109606580296,2021-12-25T11:28:25.108000+00:00
28,924262285202063360,,603114202302775310,2021-12-25T11:28:20.755000+00:00
29,924262189462876180,i think he's a discord/twitter bot salesman,603114202302775310,2021-12-25T11:27:57.929000+00:00
30,924258288227483670,Not sure what you mean. Can you elaborate?,324695454304567297,2021-12-25T11:12:27.802000+00:00
31,924258237186998283,We are not doxed.,324695454304567297,2021-12-25T11:12:15.633000+00:00
32,924251550736605255,Accepting Marketing Offer?,442694058750640140,2021-12-25T10:45:41.459000+00:00
33,924243313610088448,dox and take my money plz,603114202302775310,2021-12-25T10:12:57.575000+00:00
34,924241311505219675,<@!390366996623130625>  dm pls,898308929363255356,2021-12-25T10:05:00.236000+00:00
35,924241292525961296,<@!324695454304567297> <@!733202805388607548>  check dm pls,898308929363255356,2021-12-25T10:04:55.711000+00:00
36,924240907887341608,"hi, I was just wondering if the team is doxxed?",277706989394722816,2021-12-25T10:03:24.006000+00:00
37,924237740793552926,Hi guys,883632680875470898,2021-12-25T09:50:48.912000+00:00
38,924221054380044288,Merry Christmas üéÑ‚ú®,827702123080581150,2021-12-25T08:44:30.561000+00:00
39,924220961602023436,Hey guyssss,827702123080581150,2021-12-25T08:44:08.441000+00:00
40,924212855081926656,"You can check here
https://discord.com/channels/891221663608344586/895591068899348480/918895732491182180",390366996623130625,2021-12-25T08:11:55.696000+00:00
41,924212538562998323,Is there any way to check if I am included in the WL?,707060646193397833,2021-12-25T08:10:40.232000+00:00
42,924159287603920957,whats going on guys?,879055852705833001,2021-12-25T04:39:04.214000+00:00
43,924145976283906118,<:1638437645819:915903587828256828>,349030504239988738,2021-12-25T03:46:10.548000+00:00
44,924139713248497744,hey guys is there any WL?,912440944324911135,2021-12-25T03:21:17.324000+00:00
45,924125551734698014,Merry Christmas everyone,760755046224232468,2021-12-25T02:25:00.956000+00:00
46,924122717177913344,happy holidays all,881192281258987591,2021-12-25T02:13:45.145000+00:00
47,924099563927781436,"Thanks. Was sleeping, can't always be awake to ban stuff. But people should know not to click links in <#895570435742244864>, and the real mint link has already been announced.",324695454304567297,2021-12-25T00:41:44.980000+00:00
48,924099158124662864,Banned,324695454304567297,2021-12-25T00:40:08.229000+00:00
49,924086638865449051,Yeah guess bad timing with time zones,833849840765108265,2021-12-24T23:50:23.405000+00:00
50,924085249120538704,"it's Christmas, most people are away.  I am sure they will delete it when they see it.  I don't have the power.",108446522697330688,2021-12-24T23:44:52.064000+00:00
51,924083100777082890,"@everyone because the admin is nonexistent here, the mint is in two days. Don't click that shit.",406351667068665856,2021-12-24T23:36:19.859000+00:00
52,924082581383807026,just leaving this shit here,406351667068665856,2021-12-24T23:34:16.026000+00:00
53,924082557346279454,"bad look, fam",406351667068665856,2021-12-24T23:34:10.295000+00:00
54,924082465465851905,<@!108446522697330688> <@!324695454304567297>,406351667068665856,2021-12-24T23:33:48.389000+00:00
55,924082414249209929,<@!733202805388607548> ^^^,406351667068665856,2021-12-24T23:33:36.178000+00:00
56,924082265003261972,ban this fool,406351667068665856,2021-12-24T23:33:00.595000+00:00
57,924082252642668545,where are the damn mods?,406351667068665856,2021-12-24T23:32:57.648000+00:00
58,924082230987468831,don't click that stupid ish,406351667068665856,2021-12-24T23:32:52.485000+00:00
59,924082103069589604,no,406351667068665856,2021-12-24T23:32:21.987000+00:00
60,924082068869242922,wat?,406351667068665856,2021-12-24T23:32:13.833000+00:00
61,924080923346100235,ahhhhhhh I'm boostingggggg,190229480965537792,2021-12-24T23:27:40.719000+00:00
62,924072379313975356,Looking forward to this mint,190229480965537792,2021-12-24T22:53:43.663000+00:00
63,924072343234564096,LFG,190229480965537792,2021-12-24T22:53:35.061000+00:00
64,924017203639091250,Ok thanks <@324695454304567297> .. we share server in common,829491045166219344,2021-12-24T19:14:28.757000+00:00
65,924010767899037776,probably telling you you are eligeble for some bullshit reward or something.,393496265796747264,2021-12-24T18:48:54.357000+00:00
66,924010623942148147,"anybody here gets contacted by <@456226577798135808> , watch it, dude is fishing for metamask wallet addr.",393496265796747264,2021-12-24T18:48:20.035000+00:00
67,923999706877673502,Merry Christmas!!,879055852705833001,2021-12-24T18:04:57.204000+00:00
68,923996313228562462,Hi,770229186408611871,2021-12-24T17:51:28.095000+00:00
69,923993139461636116,It fluctuates. Fewer Flares held = more LFNTY distributed per Flare. The Medium article explains this if you want to read more.,324695454304567297,2021-12-24T17:38:51.410000+00:00
70,923992808350711850,Glad to have you üôÇ,324695454304567297,2021-12-24T17:37:32.467000+00:00
71,923992791154065408,"When the Flares get bought back or burnt, does this create an increase in the flare rewards from less NFTs involved in the pool, or will the LFNTY rewards per NFT stay consistent regardless of supply? <@324695454304567297>",808729259350032405,2021-12-24T17:37:28.367000+00:00
72,923990707616772116,Okay thanks will definitely be minting this NFT project excited to be apart of the community,319452085370224642,2021-12-24T17:29:11.613000+00:00
73,923983564180168725,The whitelist was closed over a week ago. But you'll be able to participate in the public mint just 15 minutes after the WL mint!,324695454304567297,2021-12-24T17:00:48.485000+00:00
74,923980121189269544,Any whitelist spots open?,319452085370224642,2021-12-24T16:47:07.612000+00:00
75,923979939198414881,still spots on the whitelist?,319452085370224642,2021-12-24T16:46:24.222000+00:00
76,923970967833833472,works for me now. thanks,164094116081172480,2021-12-24T16:10:45.282000+00:00
77,923970112137080862,Hmm worked for me,324695454304567297,2021-12-24T16:07:21.268000+00:00
78,923968685255823460,https://nft.lifinity.io/ is not working,164094116081172480,2021-12-24T16:01:41.073000+00:00
79,923965150350958653,thx,393496265796747264,2021-12-24T15:47:38.286000+00:00
80,923965047028453426,"It looks like we weren't able to implement it. But I think you will be able to specify how many transactions to do in a row, so it'll be a little more convenient.",324695454304567297,2021-12-24T15:47:13.652000+00:00
81,923964810129985596,"Also, we have a bunch of Medium articles and Twitter threads explaining our project in depth üôÇ You can find them all in <#895591068899348480>",324695454304567297,2021-12-24T15:46:17.171000+00:00
82,923962437043105862,See the most recent announcement,324695454304567297,2021-12-24T15:36:51.383000+00:00
83,923959679816712222,<@!829491045166219344> Another AMA 3h before the mint,393496265796747264,2021-12-24T15:25:54.009000+00:00
84,923957501219721227,is it still possible to get the whitelist?,363064840375500802,2021-12-24T15:17:14.591000+00:00
85,923957479803605062,yo guys,363064840375500802,2021-12-24T15:17:09.485000+00:00
86,923957308009091104,Any AMA session coming up to be able to know about the project,829491045166219344,2021-12-24T15:16:28.526000+00:00
87,923957092434456608,Ok,829491045166219344,2021-12-24T15:15:37.129000+00:00
88,923957059379134504,NFT definitely isn't the main thing! We are first and foremost an AMM.,324695454304567297,2021-12-24T15:15:29.248000+00:00
89,923956674820206642,Is this project nft-based or token,829491045166219344,2021-12-24T15:13:57.562000+00:00
90,923955204158812181,Appears to be fixed!,324695454304567297,2021-12-24T15:08:06.929000+00:00
91,923953220668252260,Wagmi,829491045166219344,2021-12-24T15:00:14.028000+00:00
92,923953208160837692,LFG,829491045166219344,2021-12-24T15:00:11.046000+00:00
93,923953190662197258,I just hop in,829491045166219344,2021-12-24T15:00:06.874000+00:00
94,923952866857726032,thx,393496265796747264,2021-12-24T14:58:49.673000+00:00
95,923952865922388018,"Thanks, notified the devs.",324695454304567297,2021-12-24T14:58:49.450000+00:00
96,923952824499449906,The team discussed this before. Let me check if they were able to implement it.,324695454304567297,2021-12-24T14:58:39.574000+00:00
97,923952434815053845,<@!324695454304567297> I can not access swap page.,762335239426801685,2021-12-24T14:57:06.666000+00:00
98,923952036465221673,Has SSL certificate expired?,762335239426801685,2021-12-24T14:55:31.692000+00:00
99,923949129988714506,"Are you guys going to have a ""buy x amount of flares"" or do i have to ape in multiple windows?",393496265796747264,2021-12-24T14:43:58.734000+00:00
100,923923914831331328,https://discord.com/channels/891221663608344586/895591068899348480/922505307408723998,324695454304567297,2021-12-24T13:03:46.972000+00:00
101,923923855901335612,Welcome!,324695454304567297,2021-12-24T13:03:32.922000+00:00
102,923899540187271178,can't seem to find the official website?,804294957326008320,2021-12-24T11:26:55.604000+00:00
103,923899424206389278,where do we mint these?,804294957326008320,2021-12-24T11:26:27.952000+00:00
104,923899139828379658,yeah im impressed too,804294957326008320,2021-12-24T11:25:20.151000+00:00
105,923896463854030918,def impressed,558037705733308427,2021-12-24T11:14:42.149000+00:00
106,923896435878010930,really cool project guys,558037705733308427,2021-12-24T11:14:35.479000+00:00
107,923896417087520799,Wow I'm excited about this one,558037705733308427,2021-12-24T11:14:30.999000+00:00
108,923862630827950090,Hey,923844921348218910,2021-12-24T09:00:15.727000+00:00
109,923859030743592980,The whitelist was closed over a week ago. But you'll be able to participate in the public mint just 15 minutes after the WL mint!,324695454304567297,2021-12-24T08:45:57.400000+00:00
110,923849490451021844,greetings,406351667068665856,2021-12-24T08:08:02.817000+00:00
111,923849234673979474,hallo mate,919572780377333790,2021-12-24T08:07:01.835000+00:00
112,923834922655969361,good evening everyone btw,879055852705833001,2021-12-24T07:10:09.584000+00:00
113,923834892222103562,is there a white list or is it full or whats up?,879055852705833001,2021-12-24T07:10:02.328000+00:00
114,923818974662262804,<a:graperave:849119090429526026>,89518347137343488,2021-12-24T06:06:47.286000+00:00
115,923799551092080660,Sweet! Can you send me a DM?,324695454304567297,2021-12-24T04:49:36.346000+00:00
116,923799210988539915,"Hey, I'm not sure what your question is. We have Medium articles and Twitter threads on Lifinity Flares, so you might find those helpful (see <#895591068899348480>). Or maybe you can rephrase your question.",324695454304567297,2021-12-24T04:48:15.259000+00:00
117,923798969199521863,We don't take any profit. All the SOL you exchange for NFTs never stops working for you!,324695454304567297,2021-12-24T04:47:17.612000+00:00
118,923756786337595453,hi,691686106894434315,2021-12-24T01:59:40.434000+00:00
119,923753202090926091,<:pepelove:865006477570605078>,827224768200704022,2021-12-24T01:45:25.883000+00:00
120,923722653704003625,Consider that any nft under 50% if mint price will be bought back - so the real risk is .75 sol per nft,304371807119605761,2021-12-23T23:44:02.580000+00:00
121,923722284869513218,That expensive,561342735840313368,2021-12-23T23:42:34.643000+00:00
122,923721886209277992,Haha,828219162878410783,2021-12-23T23:40:59.595000+00:00
123,923721604511465543,for airdrop?,843981671937736715,2021-12-23T23:39:52.433000+00:00
124,923721576359280651,<@324695454304567297> could you give a short summary about where the mint for is?,843981671937736715,2021-12-23T23:39:45.721000+00:00
125,923679155478999090,I can,804294957326008320,2021-12-23T20:51:11.795000+00:00
126,923678785956614184,hii,814582743266361364,2021-12-23T20:49:43.694000+00:00
127,923631892060864543,Ser brad Pitt. Wen moon?,227975814564675584,2021-12-23T17:43:23.318000+00:00
128,923620416927461476,You can DM me,324695454304567297,2021-12-23T16:57:47.433000+00:00
129,923618526860816495,hey could i talk to one of the adm in private ?,921054128472473682,2021-12-23T16:50:16.806000+00:00
130,923613568203653120,yup thats the mint price,304371807119605761,2021-12-23T16:30:34.570000+00:00
131,923611912330178590,1.5sol per nft?,895355005178110032,2021-12-23T16:23:59.779000+00:00
132,923609880391196692,Can anybody help with that?,324695454304567297,2021-12-23T16:15:55.327000+00:00
133,923609857997799484,"Oof we didn't record <:cryingfren:854617318285770763> 
We should definitely do that next time",324695454304567297,2021-12-23T16:15:49.988000+00:00
134,923609550572109845,I answered this above üôÇ,324695454304567297,2021-12-23T16:14:36.692000+00:00
135,923609104075862016,pls upload a record of AMA ser ~,426016362545020939,2021-12-23T16:12:50.239000+00:00
136,923605984004427846,the whitelist has been closed,304371807119605761,2021-12-23T16:00:26.356000+00:00
137,923600992820428840,nope,843981671937736715,2021-12-23T15:40:36.365000+00:00
138,923600346058735647,how do i get whitelisted?,923263889859289168,2021-12-23T15:38:02.165000+00:00
139,923599635971469372,Are we all whitelisted ?,561342735840313368,2021-12-23T15:35:12.867000+00:00
140,923598234872578060,With this amount of people. Supply/price. Would we be able to sell out? I‚Äôm a bit concern that it doesn‚Äôt sell out. Do you have investors buying in as well?,227975814564675584,2021-12-23T15:29:38.819000+00:00
141,923597970111361035,Nm,227975814564675584,2021-12-23T15:28:35.695000+00:00
142,923597826167021668,Has this been addressed? Just joined,227975814564675584,2021-12-23T15:28:01.376000+00:00
143,923595739458834512,At work can not Join :((,839224768208044063,2021-12-23T15:19:43.866000+00:00
144,923591056308727818,AMA!,410775339586027521,2021-12-23T15:01:07.316000+00:00
145,923589130389188648,how are we doing this great Thursday?,704835451835383828,2021-12-23T14:53:28.141000+00:00
146,923589109128245269,good morning everyone,704835451835383828,2021-12-23T14:53:23.072000+00:00
147,923585723729313822,How is your day ‚ù§Ô∏è,357386965664137237,2021-12-23T14:39:55.930000+00:00
148,923585705911910411,Hi Alterak,357386965664137237,2021-12-23T14:39:51.682000+00:00
149,923575804338786324,hello wonk,304371807119605761,2021-12-23T14:00:30.963000+00:00
150,923562277003751425,Hi,823190542199554048,2021-12-23T13:06:45.795000+00:00
151,923559804797067265,We didn't record them. And inter-protocol discussions about collaborations aren't really meant to be livestreamed anyways. There's a reason you don't see them floating around.,324695454304567297,2021-12-23T12:56:56.375000+00:00
152,923557872313454624,Could we watch it? the video calls,843981671937736715,2021-12-23T12:49:15.635000+00:00
153,923557743250530304,We currently have no plans to dox ourselves. But we've connected with major players in the Solana ecosystem and had video calls with them.,324695454304567297,2021-12-23T12:48:44.864000+00:00
154,923554058739007528,the countdown to the mint can be found here https://nft.lifinity.io/,304371807119605761,2021-12-23T12:34:06.408000+00:00
155,923553178438475796,"Yes, and please provide 2 pieces of Id and proof address!",393496265796747264,2021-12-23T12:30:36.528000+00:00
156,923552920585261096,And will the team show themself so we know how you guys look?,843981671937736715,2021-12-23T12:29:35.051000+00:00
157,923552342299770890,ok,380630056235433985,2021-12-23T12:27:17.177000+00:00
158,923552268551344169,@everyone The AMA is in less than 3 hours. Get your questions in now! ‚Üí <#922900685903761439>,324695454304567297,2021-12-23T12:26:59.594000+00:00
159,923524603157041172,Hey hows everyone doing,712613002834214944,2021-12-23T10:37:03.650000+00:00
160,923491437641859122,"Not sure what you mean by go public before the mint. If you mean release a token, no. Currently, there are four members in our team.",324695454304567297,2021-12-23T08:25:16.375000+00:00
161,923491266128379964,https://discord.com/channels/891221663608344586/895591068899348480/922505307408723998,324695454304567297,2021-12-23T08:24:35.483000+00:00
162,923481054130618380,hi,847749191799275520,2021-12-23T07:44:00.753000+00:00
163,923473731031027723,"I'm trying out the beta swap, and the UI is clear and easy to use <:Analosbling:910921889373913098>",258136992989052930,2021-12-23T07:14:54.790000+00:00
164,923468898156814347,How many plp does the team have and will you go public before   the mint?,456226577798135808,2021-12-23T06:55:42.543000+00:00
165,923468537631232000,When public mint sir?,877930148081573958,2021-12-23T06:54:16.587000+00:00
166,923467247681421352,<@!804155701575286834> <@!875503763551559721> The whitelist closed a while ago. But you'll be able to participate in the public mint just 15 minutes after the WL mint!,324695454304567297,2021-12-23T06:49:09.039000+00:00
167,923453534601617448,How to get a whitelist,875503763551559721,2021-12-23T05:54:39.586000+00:00
168,923453074893332520,can WL mint multiple nfts ?,804155701575286834,2021-12-23T05:52:49.983000+00:00
169,923453029422882858,am i late to join? I see WL closed. any difference in being WL or not,804155701575286834,2021-12-23T05:52:39.142000+00:00
170,923418860877643776,See my message above.,324695454304567297,2021-12-23T03:36:52.726000+00:00
171,923418792317558784,"Sorry, the whitelist has been closed for a while now. But you'll be able to participate in the public mint just 15 minutes after the WL mint!",324695454304567297,2021-12-23T03:36:36.380000+00:00
172,923418630954299403,The waitlist was never public!,324695454304567297,2021-12-23T03:35:57.908000+00:00
173,923418576541589565,There's a link in <#895591068899348480>,324695454304567297,2021-12-23T03:35:44.935000+00:00
174,923415827846410270,Interesting project.,877024060146589696,2021-12-23T03:24:49.595000+00:00
175,923389500409925666,Gm,828219162878410783,2021-12-23T01:40:12.645000+00:00
176,923378881652723793,are there any WL spots open?,431860384161595423,2021-12-23T00:58:00.936000+00:00
177,923351848751095808,wl beschikbaar?,814582743266361364,2021-12-22T23:10:35.790000+00:00
178,923351808561250324,dreri,814582743266361364,2021-12-22T23:10:26.208000+00:00
179,923351801695178813,fakka,814582743266361364,2021-12-22T23:10:24.571000+00:00
180,923347778246172702,In the building!,843981671937736715,2021-12-22T22:54:25.306000+00:00
181,923343211504734250,What is up!,403281266415239171,2021-12-22T22:36:16.510000+00:00
182,923340882252537917,Yo,843949328765550602,2021-12-22T22:27:01.173000+00:00
183,923340481440645150,Hi,408978920415690762,2021-12-22T22:25:25.612000+00:00
184,923337815167741992,how do i get on the whitelist? this looks good,637785108241317898,2021-12-22T22:14:49.923000+00:00
185,923335701280456706,Hi,922477053150904361,2021-12-22T22:06:25.933000+00:00
186,923275915419598998,think i was like #4 on waitlist but cant see anymore,804198775705829396,2021-12-22T18:08:51.873000+00:00
187,923275880040644698,is there a way to check if im whitelisted?,804198775705829396,2021-12-22T18:08:43.438000+00:00
188,923274786908561438,Good time,828219162878410783,2021-12-22T18:04:22.815000+00:00
189,923274701722239009,good evening fam,804198775705829396,2021-12-22T18:04:02.505000+00:00
190,923116891172651048,Thanks for your help!,834482952590721094,2021-12-22T07:36:57.538000+00:00
191,923115995650985985,"Appreciate the questions!
We have an AMA tomorrow and if you want to ask the founder. üôÇ",324695454304567297,2021-12-22T07:33:24.029000+00:00
192,923115215959261215,hmm maybe we have different comfort levels here with ML.  generally speaking there's a lot I trust it to be more accurate with.  but I'm actually more interested in what you guys are doing.  was just trying to get an understanding of competition,834482952590721094,2021-12-22T07:30:18.136000+00:00
193,923113923404779530,"I think ML would introduce a lot of unnecessary complexity -> smart contract risk & room for exploitation, especially because its workings would probably be a black box.",324695454304567297,2021-12-22T07:25:09.967000+00:00
194,923113420784533535,"My bad, I read it as ""whitelist"". Waitlist rankings are not public.",324695454304567297,2021-12-22T07:23:10.133000+00:00
195,923111429253521448,"I would have thought they too could use other players' market pricing in their pricing to piggyback off of, and that model would probably be better with ML... but it sounds like they do neither, and that is a lost opportunity you are taking advantage of",834482952590721094,2021-12-22T07:15:15.315000+00:00
196,923111159844974646,"Hmm, can see the whitelist but not the waitlist rankings. Do you have a link please? Unless they are one and the same and the list is sorted accordingly.",385461388971081749,2021-12-22T07:14:11.083000+00:00
197,923110144731127898,To accomplish what? I don't see how ML would play a role in anything.,324695454304567297,2021-12-22T07:10:09.061000+00:00
198,923109619419725844,very cool to see the system you guys have designed here,834482952590721094,2021-12-22T07:08:03.817000+00:00
199,923109465279070249,but that's an amazing model to piggyback off their price discovery,834482952590721094,2021-12-22T07:07:27.067000+00:00
200,923109310928674837,"it's not even ML required in an oracle to accomplish that I'd think, though you could certainly make a better one with good ML",834482952590721094,2021-12-22T07:06:50.267000+00:00
201,923109172122357841,"sorry dumb as a system designer, since it's such a big gap üòÉ",834482952590721094,2021-12-22T07:06:17.173000+00:00
202,923108928865304606,"It's not dumb, it's just a limitation given the lack of an oracle. To be clear, Lifinity can't function without them, because they tell us what the price is. We basically outsource price discovery to them. So they eat all the impermanent loss, while we only buy low sell high.",324695454304567297,2021-12-22T07:05:19.176000+00:00
203,923106407526584440,"I get what the tweet says but just confirming, that seems really dumb of them",834482952590721094,2021-12-22T06:55:18.042000+00:00
204,923105887122522162,"is the core of the uniswap issue that they don't ""update prices"" in real time to price on other exchanges?  so they can't take advantage of ""buy low sell high?""",834482952590721094,2021-12-22T06:53:13.968000+00:00
205,923105711569907762,awesome thanks!  digging in,834482952590721094,2021-12-22T06:52:32.113000+00:00
206,923101823278129172,"Hey, glad to have you on board! üôÇ
There are many Uni v3 style protocols being developed on Solana right now, and they in a sense our closest competition (concentrated liquidity). This thread helps explain how we are different: https://twitter.com/lifinity_io/status/1468952134229979142",324695454304567297,2021-12-22T06:37:05.072000+00:00
207,923096117128863744,"is there any good content describing competition?  I read the medium article and it's üî• , but I don't have a good basis to compare it to of current competition",834482952590721094,2021-12-22T06:14:24.620000+00:00
208,923095984366555156,"Just heard about this project, excited to learn more",834482952590721094,2021-12-22T06:13:52.967000+00:00
209,923095959490134016,Hi friends!,834482952590721094,2021-12-22T06:13:47.036000+00:00
210,923094849304035358,Was good,828219162878410783,2021-12-22T06:09:22.347000+00:00
211,923076080951238666,"Yup, it's in <#895591068899348480>",324695454304567297,2021-12-22T04:54:47.623000+00:00
212,923044630445043772,GM how we doing?,601581865412853765,2021-12-22T02:49:49.238000+00:00
213,922990442251956295,"Hey, has the waitlist been published yet?",385461388971081749,2021-12-21T23:14:29.766000+00:00
214,922909276979232828,yoyoyo,839224768208044063,2021-12-21T17:51:58.457000+00:00
215,922796958115061830,"I'm excited about the announcement of the intense schedule lol 
I'm already looking forward to it üî•üëç",852558623225544734,2021-12-21T10:25:39.553000+00:00
216,922753784889888768,hello,404216279344349185,2021-12-21T07:34:06.254000+00:00
217,922702491144060968,Me too! üòä,324695454304567297,2021-12-21T04:10:16.872000+00:00
218,922702423439605770,No. Adding pools isn't merely a matter of time. It's about monitoring how the SOL-USDC pool does and adding more when we're comfortable. So giving it a date wouldn't make much sense. But obviously we'll be excited to add more! üôÇ,324695454304567297,2021-12-21T04:10:00.730000+00:00
219,922682674559209482,Whats going on,809226230201188372,2021-12-21T02:51:32.230000+00:00
220,922682644221792297,hI,809226230201188372,2021-12-21T02:51:24.997000+00:00
221,922670817064656896,‚ù§Ô∏è,651782778496614400,2021-12-21T02:04:25.183000+00:00
222,922659010585444383,Nice update <@!324695454304567297> can't wait!,309702526092050432,2021-12-21T01:17:30.299000+00:00
223,922649895695958087,is there any roadmap for more pools added?,89518347137343488,2021-12-21T00:41:17.140000+00:00
224,922644157078601738,Without any doubt this is one of the best project.,710469511681409075,2021-12-21T00:18:28.947000+00:00
225,922644129962405888,This project is implemented very professionally and has a clear development plan.,710469511681409075,2021-12-21T00:18:22.482000+00:00
226,922644036127445022,Wonderful promising project.,710469511681409075,2021-12-21T00:18:00.110000+00:00
227,922548788269289524,<@!806061797798707241>,149990576572334080,2021-12-20T17:59:31.251000+00:00
228,922548771970220072,10k,149990576572334080,2021-12-20T17:59:27.365000+00:00
229,922548216124289064,whats the total supply?,806061797798707241,2021-12-20T17:57:14.841000+00:00
230,922547907184443513,hey,806061797798707241,2021-12-20T17:56:01.184000+00:00
231,922535275274580058,"Yes, thanks for being patient üòä",324695454304567297,2021-12-20T17:05:49.502000+00:00
232,922532736848257034,Nice to see the NFT mint announcement,883945523139207218,2021-12-20T16:55:44.294000+00:00
233,922518431755034644,lessgo,600904400982245387,2021-12-20T15:58:53.694000+00:00
234,922516022274187285,Og,249558619878719508,2021-12-20T15:49:19.229000+00:00
235,922515620111745116,"Sorry for the confusion, but yes our project is coded by anime pirates",324695454304567297,2021-12-20T15:47:43.346000+00:00
236,922512004453924874,We‚Äôre here,390366996623130625,2021-12-20T15:33:21.306000+00:00
237,922511852687204392,Aren't the developers even here?,740563322306297876,2021-12-20T15:32:45.122000+00:00
238,922511572767768616,I'm not sure what you mean. The core contributors are the team members.,324695454304567297,2021-12-20T15:31:38.384000+00:00
239,922511431168032838,At least it's not Christmas right? <:PepeLaugh:892429165196890132>,324695454304567297,2021-12-20T15:31:04.624000+00:00
240,922511099562192976,<@!324695454304567297> Why isn't the project team in Discord,740563322306297876,2021-12-20T15:29:45.563000+00:00
241,922510936789639199,nice write up tho,879455756766822430,2021-12-20T15:29:06.755000+00:00
242,922510926199021569,not the day after christmas argh,879455756766822430,2021-12-20T15:29:04.230000+00:00
243,922509370112229437,Yes! Everyone gets the same price üíô,324695454304567297,2021-12-20T15:22:53.230000+00:00
244,922509179313324072,Gm,876980349714980864,2021-12-20T15:22:07.740000+00:00
245,922509169007923211,Are WL and public sales prices the same?,740563322306297876,2021-12-20T15:22:05.283000+00:00
246,922509165560205332,OK Thanks,740563322306297876,2021-12-20T15:22:04.461000+00:00
247,922508422262439966,"Yup, what KZ said. WL gets to mint 15 minutes earlier.",324695454304567297,2021-12-20T15:19:07.245000+00:00
248,922508268084015214,"whitelist get to mint earlier, but no, you can mint without the whitelist",393496265796747264,2021-12-20T15:18:30.486000+00:00
249,922506486217863210,Do I need to be whitelisted to mint?,740563322306297876,2021-12-20T15:11:25.656000+00:00
250,922506048483520544,so 1.5; 10k,227975814564675584,2021-12-20T15:09:41.292000+00:00
251,922506032536764516,gm there,227975814564675584,2021-12-20T15:09:37.490000+00:00
252,922297329233571890,Hi,917083135399850035,2021-12-20T01:20:18.745000+00:00
253,922278387945455637,<:1638436704692:915903585936625714>,748317495718445096,2021-12-20T00:05:02.790000+00:00
254,922220174285865030,Bruh,637902793658859521,2021-12-19T20:13:43.572000+00:00
255,922086584478736394,<:1638437645819:915903587828256828>,760755046224232468,2021-12-19T11:22:53.280000+00:00
256,922059259540283402,<:IMG_20211202_150616:915903587517874217>,459281772644139030,2021-12-19T09:34:18.507000+00:00
257,922013209819508806,<:pigblanket:710296412025520129>,89518347137343488,2021-12-19T06:31:19.398000+00:00
258,921811478280024174,"All NFTs will be sold (except giveaways), so no",324695454304567297,2021-12-18T17:09:42.851000+00:00
259,921810714753118208,do roles have any input to who gets nfts?,862505114174750740,2021-12-18T17:06:40.812000+00:00
260,921717944176750652,Chief flame flower is impatient üòè,324695454304567297,2021-12-18T10:58:02.583000+00:00
261,921708269586759732,,149990576572334080,2021-12-18T10:19:35.981000+00:00
262,921708198287798293,WEN NFT ?,149990576572334080,2021-12-18T10:19:18.982000+00:00
263,921667417246171206,early saturday morning attempt at humor ),393496265796747264,2021-12-18T07:37:16.024000+00:00
264,921667068980506634,I have faith in their intelligence üôÇ,324695454304567297,2021-12-18T07:35:52.991000+00:00
265,921667041184854036,You talk as if I got mad üòÖ,324695454304567297,2021-12-18T07:35:46.364000+00:00
266,921667020779581460,<:hm:910472263034347550>,384352441107480588,2021-12-18T07:35:41.499000+00:00
267,921665770830848032,<@!384352441107480588> he meant gm in here <#911148472772747264>,393496265796747264,2021-12-18T07:30:43.488000+00:00
268,921665660222849024,"<@!324695454304567297> you realize you just traumatized the guy for the rest of his life, he will never gm anyone and probably quit the server? üòÑ",393496265796747264,2021-12-18T07:30:17.117000+00:00
269,921661765647998996,Not here ser,324695454304567297,2021-12-18T07:14:48.578000+00:00
270,921661468099870730,gm all,384352441107480588,2021-12-18T07:13:37.637000+00:00
271,921620091265757224,https://tenor.com/view/cat-sneaking-mountain-gif-master-gif-11204510,324695454304567297,2021-12-18T04:29:12.631000+00:00
272,921480555638435901,https://tenor.com/view/pepe-wink-pepe-wink-gif-18805786,748317495718445096,2021-12-17T19:14:44.745000+00:00
273,921434489614385212,"Hehehe,",760755046224232468,2021-12-17T16:11:41.749000+00:00
274,921416915988127824,i guess thats why gifs were disabled here ),393496265796747264,2021-12-17T15:01:51.870000+00:00
275,921416740083232871,https://tenor.com/view/build-a-bridge-bridge-get-over-it-let-it-go-holly-logan-gif-17204368,393496265796747264,2021-12-17T15:01:09.931000+00:00
276,921411707132321823,https://tenor.com/view/gta-gta-sa-grand-theft-auto-grand-theft-auto-san-andreas-gta-one-liners-gif-17463655,309702526092050432,2021-12-17T14:41:09.982000+00:00
277,921344181769744435,https://tenor.com/view/cookie-monster-fingertap-impatient-when-gif-4354455,393496265796747264,2021-12-17T10:12:50.681000+00:00
278,921333485141114920,https://tenor.com/view/nakano-nino-wow-vot-eto-da-gif-21454514,149990576572334080,2021-12-17T09:30:20.406000+00:00
279,921326941502590986,Yeah boi,760755046224232468,2021-12-17T09:04:20.281000+00:00
280,921326900901711892,https://tenor.com/view/pepe-pepega-drive-meme-gif-16837577,760755046224232468,2021-12-17T09:04:10.601000+00:00
281,921326117112135710,Boom,324695454304567297,2021-12-17T09:01:03.731000+00:00
282,921326062561026059,https://tenor.com/view/yes-sweet-hell-yes-pump-it-gif-3532253,324695454304567297,2021-12-17T09:00:50.725000+00:00
283,921325647719194625,"Its something with this <#895570435742244864> channel i guess, gifs works fine in <#911148472772747264>",760755046224232468,2021-12-17T08:59:11.819000+00:00
284,921325401119268915,<:widepepe1:864358041556877333> <:widepepe2:864358041314656287> <:widepepe3:864358367107219506> <:widepepe4:864358041415188490>,760755046224232468,2021-12-17T08:58:13.025000+00:00
285,921325313680621628,GIVE GIFS BACK MODS,149990576572334080,2021-12-17T08:57:52.178000+00:00
286,921325287919202304,See.,760755046224232468,2021-12-17T08:57:46.036000+00:00
287,921325262707257374,https://tenor.com/view/pakistan-cricket-fan-pakistan-fan-cricket-angry-fan-angry-fan-angry-man-gif-19825067,760755046224232468,2021-12-17T08:57:40.025000+00:00
288,921325250782822430,https://tenor.com/view/nino-gotoubun-nakano-crying-gif-21756021,149990576572334080,2021-12-17T08:57:37.182000+00:00
289,921325227500245022,Nope,760755046224232468,2021-12-17T08:57:31.631000+00:00
290,921325200749002772,You can't use them?,324695454304567297,2021-12-17T08:57:25.253000+00:00
291,921325096080146473,I am trying these ones,760755046224232468,2021-12-17T08:57:00.298000+00:00
292,921324908338905138,Aha! If you download the file and then drag drop it works üôÇ You just can't copy paste it,324695454304567297,2021-12-17T08:56:15.537000+00:00
293,921324809760157717,,324695454304567297,2021-12-17T08:55:52.034000+00:00
294,921324522358071297,,324695454304567297,2021-12-17T08:54:43.512000+00:00
295,921324505996083240,<a:FeelsWeakMan:870791981939425330>,760755046224232468,2021-12-17T08:54:39.611000+00:00
296,921324429491986473,Looks like we can‚Äôt send gifs here,760755046224232468,2021-12-17T08:54:21.371000+00:00
297,921320878950740040,https://tenor.com/view/nino-quintessential-quintuplets-s2-crying-gif-20047807,149990576572334080,2021-12-17T08:40:14.856000+00:00
298,921297163709976586,down down down,855305176323850270,2021-12-17T07:06:00.702000+00:00
299,921296970319032320,Today is another hard day==,855305176323850270,2021-12-17T07:05:14.594000+00:00
300,921244544580866048,lol,324695454304567297,2021-12-17T03:36:55.324000+00:00
301,921223189525299200,hi,812582302974607371,2021-12-17T02:12:03.882000+00:00
302,921202537351225366,A rare wojak appears!,309702526092050432,2021-12-17T00:50:00.020000+00:00
303,921147263563235388,Yo,703277759794774016,2021-12-16T21:10:21.722000+00:00
304,921101032950472714,Hi,792606076600057876,2021-12-16T18:06:39.485000+00:00
305,921099579125006417,Hello all,514065080686739466,2021-12-16T18:00:52.866000+00:00
306,921017896677810196,OK tkx,812582302974607371,2021-12-16T12:36:18.253000+00:00
307,921007695253884968,Hello everyone,843015562422124544,2021-12-16T11:55:46.044000+00:00
308,921000829861892117,Hello,883084848447774783,2021-12-16T11:28:29.207000+00:00
309,920967520083660810,LFG!,324695454304567297,2021-12-16T09:16:07.537000+00:00
310,920966559621603348,lfg,350699289846218753,2021-12-16T09:12:18.545000+00:00
311,920952697799204874,LFG üî•,837036880243064873,2021-12-16T08:17:13.629000+00:00
312,920944119092752425,Nice to see you bro,837691440006955051,2021-12-16T07:43:08.306000+00:00
313,920935023446740993,Save your greetings for <#911148472772747264> guys üòÑ,324695454304567297,2021-12-16T07:06:59.735000+00:00
314,920934772388274217,heyoo,384352441107480588,2021-12-16T07:05:59.878000+00:00
315,920933699330129930,Yoo,703277759794774016,2021-12-16T07:01:44.041000+00:00
316,920931410435506227,Wht next step,347346413375717376,2021-12-16T06:52:38.326000+00:00
317,920928546640244776,Hiüê≥,778218910746017813,2021-12-16T06:41:15.544000+00:00
318,920921264187641897,Hi,823190542199554048,2021-12-16T06:12:19.272000+00:00
319,920914373038473256,Thank you,837895290723106836,2021-12-16T05:44:56.294000+00:00
320,920901769830223913,Woo,838524914885591122,2021-12-16T04:54:51.455000+00:00
321,920896343587827743,Okay thanks sir,827224768200704022,2021-12-16T04:33:17.738000+00:00
322,920893796080824410,Exactly! üôÇ,324695454304567297,2021-12-16T04:23:10.365000+00:00
323,920893188003209266,Hi,843600866824683530,2021-12-16T04:20:45.388000+00:00
324,920891633057267722,"Oh I see, so right now just sign up and get more Reffral?",827224768200704022,2021-12-16T04:14:34.660000+00:00
325,920891116096725093,"No, the waitlist is so you can deposit, not the other way around. Deposits aren't enabled yet.",324695454304567297,2021-12-16T04:12:31.407000+00:00
326,920890243102670959,hello,919572780377333790,2021-12-16T04:09:03.269000+00:00
327,920889245764309052,So more we add more chance to get wl first right?,827224768200704022,2021-12-16T04:05:05.485000+00:00
328,920888894386487359,I doubt we will have a minimum. üëç,324695454304567297,2021-12-16T04:03:41.710000+00:00
329,920888810999533639,Not too long from now üôÇ,324695454304567297,2021-12-16T04:03:21.829000+00:00
330,920888646691868682,"Yes, go ahead!",324695454304567297,2021-12-16T04:02:42.655000+00:00
331,920887480197185557,hi,699841308856025088,2021-12-16T03:58:04.541000+00:00
332,920878306851684362,<@324695454304567297> <@390366996623130625>  it's have minimum to add lp?,827224768200704022,2021-12-16T03:21:37.445000+00:00
333,920871280696234074,"Hello sir, I quoted wrong tweet, I quoted the steps instead of the waitlist announcement Tweet. Can I refill the form?",837895290723106836,2021-12-16T02:53:42.279000+00:00
